<?xml version="1.0" encoding="UTF-8"?>
<project-private xmlns="http://www.netbeans.org/ns/project-private/1">
    <editor-bookmarks xmlns="http://www.netbeans.org/ns/editor-bookmarks/2" lastBookmarkId="0"/>
    <open-files xmlns="http://www.netbeans.org/ns/projectui-open-files/2">
        <group>
            <file>file:/C:/Users/Asus/OneDrive/Documents/NetBeansProjects/Project%20Uas/src/project/uas/Homepage.java</file>
            <file>file:/C:/Users/Asus/OneDrive/Documents/NetBeansProjects/Project%20Uas/src/project/uas/DeleteAdmin.java</file>
            <file>file:/C:/Users/Asus/OneDrive/Documents/NetBeansProjects/Project%20Uas/src/project/uas/Koneksi.java</file>
            <file>file:/C:/Users/Asus/OneDrive/Documents/NetBeansProjects/Project%20Uas/src/project/uas/LaporanTransaksi.java</file>
            <file>file:/C:/Users/Asus/OneDrive/Documents/NetBeansProjects/Project%20Uas/src/project/uas/TambahAdmin.java</file>
            <file>file:/C:/Users/Asus/OneDrive/Documents/NetBeansProjects/Project%20Uas/src/project/uas/CucianMasuk1.java</file>
            <file>file:/C:/Users/Asus/OneDrive/Documents/NetBeansProjects/Project%20Uas/src/project/uas/Login.java</file>
            <file>file:/C:/Users/Asus/OneDrive/Documents/NetBeansProjects/Project%20Uas/src/project/uas/UpdateAdmin.java</file>
            <file>file:/C:/Users/Asus/OneDrive/Documents/NetBeansProjects/Project%20Uas/src/project/uas/Pelanggan.java</file>
            <file>file:/C:/Users/Asus/OneDrive/Documents/NetBeansProjects/Project%20Uas/src/project/uas/Daftar.java</file>
            <file>file:/C:/Users/Asus/OneDrive/Documents/NetBeansProjects/Project%20Uas/src/project/uas/ProjectUas.java</file>
            <file>file:/C:/Users/Asus/OneDrive/Documents/NetBeansProjects/Project%20Uas/src/project/uas/Admin.java</file>
        </group>
    </open-files>
</project-private>
